Id,Date,Total Steps,Total Sleep Minutes
1503960366,3/25/2016,11004,386
1503960366,3/26/2016,17609,472
1503960366,3/27/2016,12736,506
1503960366,3/28/2016,13231,77
1503960366,3/29/2016,12041,378
1503960366,3/30/2016,10970,0
1503960366,3/31/2016,12256,336
1503960366,4/1/2016,12262,306
1503960366,4/2/2016,11248,509
1503960366,4/3/2016,10016,426
1503960366,4/4/2016,14557,337
1503960366,4/5/2016,14844,309
1503960366,4/6/2016,11974,0
1503960366,4/7/2016,10198,0
1503960366,4/8/2016,12521,0
1503960366,4/9/2016,12432,407
1503960366,4/10/2016,10057,478
1503960366,4/11/2016,10990,329
1503960366,4/12/2016,224,0
1624580081,3/25/2016,1810,0
1624580081,3/26/2016,815,0
1624580081,3/27/2016,1985,0
1624580081,3/28/2016,1905,0
1624580081,3/29/2016,1552,0
1624580081,3/30/2016,1675,0
1624580081,3/31/2016,4506,0
1624580081,4/1/2016,9218,0
1624580081,4/2/2016,1556,0
1624580081,4/3/2016,2910,0
1624580081,4/4/2016,18464,0
1624580081,4/5/2016,1335,0
1624580081,4/6/2016,1004,0
1624580081,4/7/2016,1111,0
1624580081,4/8/2016,6344,0
1624580081,4/9/2016,3572,0
1624580081,4/10/2016,3910,0
1624580081,4/11/2016,10000,0
1624580081,4/12/2016,6627,0
1644430081,4/1/2016,4636,0
1644430081,4/2/2016,20237,0
1644430081,4/3/2016,12912,0
1644430081,4/4/2016,2819,0
1644430081,4/5/2016,9921,0
1644430081,4/6/2016,8046,0
1644430081,4/7/2016,11166,0
1644430081,4/8/2016,7842,0
1644430081,4/9/2016,13840,0
1644430081,4/10/2016,1329,0
1844505072,4/1/2016,6847,0
1844505072,4/2/2016,5367,0
1844505072,4/3/2016,2841,190
1844505072,4/4/2016,0,771
1844505072,4/5/2016,0,0
1844505072,4/6/2016,7,0
1844505072,4/7/2016,6344,0
1844505072,4/8/2016,5316,0
1844505072,4/9/2016,4979,636
1844505072,4/10/2016,6556,325
1844505072,4/11/2016,5430,0
1844505072,4/12/2016,0,0
1927972279,4/1/2016,4317,383
1927972279,4/2/2016,5662,315
1927972279,4/3/2016,3198,111
1927972279,4/4/2016,2352,483
1927972279,4/5/2016,2234,420
1927972279,4/6/2016,1259,429
1927972279,4/7/2016,768,0
1927972279,4/8/2016,519,0
1927972279,4/9/2016,2523,47
1927972279,4/10/2016,2105,496
1927972279,4/11/2016,1209,525
1927972279,4/12/2016,24,498
2022484408,4/1/2016,13603,0
2022484408,4/2/2016,5477,0
2022484408,4/3/2016,11144,0
2022484408,4/4/2016,15313,0
2022484408,4/5/2016,10805,0
2022484408,4/6/2016,15392,0
2022484408,4/7/2016,18247,0
2022484408,4/8/2016,13023,0
2022484408,4/9/2016,16267,0
2022484408,4/10/2016,10005,0
2022484408,4/11/2016,10106,0
2022484408,4/12/2016,6717,0
2026352035,4/1/2016,2605,544
2026352035,4/2/2016,1229,575
2026352035,4/3/2016,2308,605
2026352035,4/4/2016,6679,533
2026352035,4/5/2016,5645,571
2026352035,4/6/2016,3180,517
2026352035,4/7/2016,2767,597
2026352035,4/8/2016,3762,548
2026352035,4/9/2016,3098,555
2026352035,4/10/2016,5142,556
2026352035,4/11/2016,3279,582
2026352035,4/12/2016,1019,354
2320127002,4/1/2016,0,0
2320127002,4/2/2016,0,0
2320127002,4/3/2016,0,0
2320127002,4/4/2016,0,0
2320127002,4/5/2016,4931,0
2320127002,4/6/2016,6999,0
2320127002,4/7/2016,1846,0
2320127002,4/8/2016,3417,0
2320127002,4/9/2016,4863,0
2320127002,4/10/2016,2277,0
2320127002,4/11/2016,11230,0
2320127002,4/12/2016,2098,0
2347167796,3/29/2016,10272,472
2347167796,3/30/2016,10533,514
2347167796,3/31/2016,6760,577
2347167796,4/1/2016,8328,391
2347167796,4/2/2016,15459,463
2347167796,4/3/2016,7485,625
2347167796,4/4/2016,10254,525
2347167796,4/5/2016,10114,448
2347167796,4/6/2016,11107,425
2347167796,4/7/2016,10320,76
2347167796,4/8/2016,10209,405
2347167796,4/9/2016,16081,21
2347167796,4/10/2016,10078,659
2347167796,4/11/2016,10001,399
2347167796,4/12/2016,0,0
2873212765,4/1/2016,890,0
2873212765,4/2/2016,2214,0
2873212765,4/3/2016,7640,0
2873212765,4/4/2016,9713,0
2873212765,4/5/2016,8432,0
2873212765,4/6/2016,7350,0
2873212765,4/7/2016,9353,0
2873212765,4/8/2016,7157,0
2873212765,4/9/2016,14103,0
2873212765,4/10/2016,5290,0
2873212765,4/11/2016,7497,0
2873212765,4/12/2016,0,0
2891001357,3/29/2016,0,0
2891001357,3/30/2016,0,0
2891001357,3/31/2016,0,0
2891001357,4/1/2016,0,0
2891001357,4/2/2016,4126,0
2891001357,4/3/2016,0,0
2891001357,4/4/2016,0,0
2891001357,4/5/2016,2063,0
3372868164,4/1/2016,5785,0
3372868164,4/2/2016,7625,0
3372868164,4/3/2016,4706,0
3372868164,4/4/2016,5861,0
3372868164,4/5/2016,4460,0
3372868164,4/6/2016,6406,0
3372868164,4/7/2016,7392,0
3372868164,4/8/2016,5551,0
3372868164,4/9/2016,8827,0
3372868164,4/10/2016,4662,0
3977333714,4/1/2016,4499,430
3977333714,4/2/2016,7618,290
3977333714,4/3/2016,11508,359
3977333714,4/4/2016,11943,374
3977333714,4/5/2016,12303,486
3977333714,4/6/2016,15425,426
3977333714,4/7/2016,8422,405
3977333714,4/8/2016,10226,480
3977333714,4/9/2016,14583,418
3977333714,4/10/2016,3573,452
3977333714,4/11/2016,3108,415
3977333714,4/12/2016,759,0
4020332650,3/12/2016,5543,429
4020332650,3/13/2016,3226,533
4020332650,3/14/2016,3023,290
4020332650,3/15/2016,5906,341
4020332650,3/16/2016,12483,493
4020332650,3/17/2016,8940,407
4020332650,3/18/2016,368,0
4020332650,3/19/2016,5702,0
4020332650,3/20/2016,10330,0
4020332650,3/21/2016,8778,0
4020332650,3/22/2016,6662,0
4020332650,3/23/2016,6309,0
4020332650,3/24/2016,1951,0
4020332650,3/25/2016,5563,0
4020332650,3/26/2016,4370,0
4020332650,3/27/2016,7144,0
4020332650,3/28/2016,2106,0
4020332650,3/29/2016,4152,0
4020332650,3/30/2016,5400,387
4020332650,3/31/2016,7428,268
4020332650,4/1/2016,5351,450
4020332650,4/2/2016,4299,508
4020332650,4/3/2016,6107,399
4020332650,4/4/2016,6429,478
4020332650,4/5/2016,6880,0
4020332650,4/6/2016,7476,257
4020332650,4/7/2016,6581,0
4020332650,4/8/2016,10480,0
4020332650,4/9/2016,7734,0
4020332650,4/10/2016,5129,74
4020332650,4/11/2016,2993,438
4020332650,4/12/2016,8,0
4057192912,3/12/2016,0,0
4057192912,3/13/2016,0,0
4057192912,3/14/2016,8433,0
4057192912,3/15/2016,0,0
4057192912,3/16/2016,2139,0
4057192912,3/17/2016,0,0
4057192912,3/18/2016,949,0
4057192912,3/19/2016,0,0
4057192912,3/20/2016,44,0
4057192912,3/21/2016,2660,0
4057192912,3/22/2016,5561,0
4057192912,3/23/2016,7239,0
4057192912,3/24/2016,7,0
4057192912,3/25/2016,0,0
4057192912,3/26/2016,0,0
4057192912,3/27/2016,2275,0
4057192912,3/28/2016,8,0
4057192912,3/29/2016,5137,0
4057192912,3/30/2016,5419,0
4057192912,3/31/2016,0,0
4057192912,4/1/2016,0,0
4057192912,4/2/2016,0,0
4057192912,4/3/2016,0,0
4057192912,4/4/2016,0,0
4057192912,4/5/2016,0,0
4057192912,4/6/2016,18,0
4057192912,4/7/2016,4,0
4057192912,4/8/2016,8426,0
4057192912,4/9/2016,1650,0
4057192912,4/10/2016,3434,0
4057192912,4/11/2016,6801,0
4057192912,4/12/2016,187,0
4319703577,3/29/2016,5643,547
4319703577,3/30/2016,9043,478
4319703577,3/31/2016,8144,47
4319703577,4/1/2016,9343,484
4319703577,4/2/2016,8405,543
4319703577,4/3/2016,8223,583
4319703577,4/4/2016,10067,505
4319703577,4/5/2016,8359,474
4319703577,4/6/2016,10946,504
4319703577,4/7/2016,9130,450
4319703577,4/8/2016,6544,0
4319703577,4/9/2016,0,0
4388161847,3/29/2016,0,0
4388161847,3/30/2016,0,0
4388161847,3/31/2016,0,0
4388161847,4/1/2016,0,0
4388161847,4/2/2016,0,0
4388161847,4/3/2016,0,0
4388161847,4/4/2016,0,0
4388161847,4/5/2016,0,0
4445114986,3/29/2016,2303,478
4445114986,3/30/2016,2600,0
4445114986,3/31/2016,4804,416
4445114986,4/1/2016,3271,337
4445114986,4/2/2016,5406,495
4445114986,4/3/2016,3146,0
4445114986,4/4/2016,2422,0
4445114986,4/5/2016,4239,496
4445114986,4/6/2016,6911,450
4445114986,4/7/2016,6667,268
4445114986,4/8/2016,5543,233
4445114986,4/9/2016,4195,443
4445114986,4/10/2016,6625,369
4445114986,4/11/2016,5986,428
4445114986,4/12/2016,278,332
4558609924,4/1/2016,5336,0
4558609924,4/2/2016,3183,87
4558609924,4/3/2016,6176,277
4558609924,4/4/2016,8205,0
4558609924,4/5/2016,6799,0
4558609924,4/6/2016,5668,0
4558609924,4/7/2016,7998,0
4558609924,4/8/2016,4195,0
4558609924,4/9/2016,5512,0
4558609924,4/10/2016,6263,0
4558609924,4/11/2016,8828,0
4558609924,4/12/2016,1260,0
4702921684,3/29/2016,6506,430
4702921684,3/30/2016,7583,455
4702921684,3/31/2016,6963,425
4702921684,4/1/2016,7165,475
4702921684,4/2/2016,10328,566
4702921684,4/3/2016,12116,586
4702921684,4/4/2016,7810,444
4702921684,4/5/2016,6670,440
4702921684,4/6/2016,7605,475
4702921684,4/7/2016,6585,460
4702921684,4/8/2016,8184,370
4702921684,4/9/2016,14002,588
4702921684,4/10/2016,11135,555
4702921684,4/11/2016,6499,334
4702921684,4/12/2016,0,0
5553957443,4/1/2016,12409,360
5553957443,4/2/2016,2937,903
5553957443,4/3/2016,1515,840
5553957443,4/4/2016,8921,453
5553957443,4/5/2016,11306,383
5553957443,4/6/2016,12252,405
5553957443,4/7/2016,15444,376
5553957443,4/8/2016,9938,417
5553957443,4/9/2016,4599,686
5553957443,4/10/2016,5594,709
5553957443,4/11/2016,11906,459
5553957443,4/12/2016,3436,364
5577150313,4/1/2016,10461,447
5577150313,4/2/2016,14873,385
5577150313,4/3/2016,9917,415
5577150313,4/4/2016,7401,458
5577150313,4/5/2016,8964,414
5577150313,4/6/2016,11080,420
5577150313,4/7/2016,4499,496
5577150313,4/8/2016,4363,461
5577150313,4/9/2016,10494,516
5577150313,4/10/2016,9776,442
5577150313,4/11/2016,2862,333
6117666160,4/1/2016,7444,586
6117666160,4/2/2016,19658,466
6117666160,4/3/2016,0,0
6117666160,4/4/2016,8468,0
6117666160,4/5/2016,9910,66
6117666160,4/6/2016,12409,561
6117666160,4/7/2016,4853,514
6117666160,4/8/2016,8955,0
6117666160,4/9/2016,10789,467
6117666160,4/10/2016,0,0
6290855005,4/1/2016,6633,0
6290855005,4/2/2016,9548,0
6290855005,4/3/2016,0,0
6290855005,4/4/2016,0,0
6290855005,4/5/2016,0,0
6290855005,4/6/2016,0,0
6290855005,4/7/2016,0,0
6290855005,4/8/2016,0,0
6290855005,4/9/2016,0,0
6290855005,4/10/2016,0,0
6391747486,4/1/2016,0,0
6391747486,4/2/2016,2101,0
6391747486,4/3/2016,0,0
6391747486,4/4/2016,0,0
6391747486,4/5/2016,9766,0
6391747486,4/6/2016,165,0
6391747486,4/7/2016,0,0
6391747486,4/8/2016,0,0
6391747486,4/9/2016,0,0
6775888955,4/1/2016,7225,13
6775888955,4/2/2016,1988,452
6775888955,4/3/2016,1577,0
6775888955,4/4/2016,0,0
6775888955,4/5/2016,9348,0
6775888955,4/6/2016,11761,467
6775888955,4/7/2016,13987,291
6775888955,4/8/2016,4131,0
6775888955,4/9/2016,14,0
6962181067,3/30/2016,15491,432
6962181067,3/31/2016,14097,529
6962181067,4/1/2016,10467,532
6962181067,4/2/2016,12437,415
6962181067,4/3/2016,12307,568
6962181067,4/4/2016,18952,399
6962181067,4/5/2016,12010,406
6962181067,4/6/2016,12480,502
6962181067,4/7/2016,13417,430
6962181067,4/8/2016,14400,403
6962181067,4/9/2016,12495,455
6962181067,4/10/2016,10148,429
6962181067,4/11/2016,12362,406
6962181067,4/12/2016,5893,387
7007744171,4/1/2016,11680,0
7007744171,4/2/2016,10976,69
7007744171,4/3/2016,16806,73
7007744171,4/4/2016,15266,0
7007744171,4/5/2016,12084,70
7007744171,4/6/2016,13513,0
7007744171,4/7/2016,14100,66
7007744171,4/8/2016,12627,0
7007744171,4/9/2016,10345,0
7007744171,4/10/2016,10146,0
7007744171,4/11/2016,12168,0
7007744171,4/12/2016,7413,0
7086361926,4/1/2016,11463,441
7086361926,4/2/2016,87,566
7086361926,4/3/2016,1949,0
7086361926,4/4/2016,6101,0
7086361926,4/5/2016,7478,91
7086361926,4/6/2016,7352,469
7086361926,4/7/2016,14604,512
7086361926,4/8/2016,9634,405
7086361926,4/9/2016,7338,487
7086361926,4/10/2016,569,45
7086361926,4/11/2016,6242,505
7086361926,4/12/2016,430,416
8053475328,4/2/2016,20188,0
8053475328,4/3/2016,25701,0
8053475328,4/4/2016,17395,0
8053475328,4/5/2016,17167,0
8053475328,4/6/2016,16435,0
8053475328,4/7/2016,17078,0
8053475328,4/8/2016,11693,0
8053475328,4/9/2016,11159,0
8053475328,4/10/2016,10118,0
8053475328,4/11/2016,16064,0
8053475328,4/12/2016,290,0
8253242879,4/1/2016,0,0
8253242879,4/2/2016,0,0
8253242879,4/3/2016,0,0
8253242879,4/4/2016,0,0
8253242879,4/5/2016,0,0
8253242879,4/6/2016,1931,0
8253242879,4/7/2016,5181,0
8253242879,4/8/2016,12026,0
8253242879,4/9/2016,5360,0
8253242879,4/10/2016,2545,0
8253242879,4/11/2016,1636,0
8253242879,4/12/2016,0,0
8378563200,4/1/2016,14179,432
8378563200,4/2/2016,3358,639
8378563200,4/3/2016,9152,558
8378563200,4/4/2016,13935,441
8378563200,4/5/2016,12846,437
8378563200,4/6/2016,9124,421
8378563200,4/7/2016,9725,495
8378563200,4/8/2016,8350,323
8378563200,4/9/2016,2240,487
8378563200,4/10/2016,2631,596
8378563200,4/11/2016,8837,356
8378563200,4/12/2016,3246,255
8583815059,4/1/2016,2174,0
8583815059,4/2/2016,3494,0
8583815059,4/3/2016,2380,0
8583815059,4/4/2016,3159,0
8583815059,4/5/2016,6835,0
8583815059,4/6/2016,2098,0
8583815059,4/7/2016,2816,0
8583815059,4/8/2016,1408,0
8792009665,4/1/2016,4592,504
8792009665,4/2/2016,8452,0
8792009665,4/3/2016,7238,517
8792009665,4/4/2016,3821,595
8792009665,4/5/2016,2332,414
8792009665,4/6/2016,2121,463
8792009665,4/7/2016,1291,475
8792009665,4/8/2016,1467,447
8792009665,4/9/2016,1022,638
8792009665,4/10/2016,4605,0
8792009665,4/11/2016,178,0
8792009665,4/12/2016,20,0
8877689391,4/1/2016,18700,0
8877689391,4/2/2016,27572,0
8877689391,4/3/2016,15260,0
8877689391,4/4/2016,20779,0
8877689391,4/5/2016,10695,0
8877689391,4/6/2016,24136,0
8877689391,4/7/2016,10910,0
8877689391,4/8/2016,23014,0
8877689391,4/9/2016,16470,0
8877689391,4/10/2016,28497,0
8877689391,4/11/2016,10622,0
8877689391,4/12/2016,2350,0